Condition,Fz,Cz,Pz,Acc1,Acc2,Acc3
test,0.30327958170936686,0.15332073677031424,-0.05337659168946399,-0.028890618781081776,-0.21878115636708426,-0.15555195164205105
