Condition,Fz,Cz,Pz,Acc1,Acc2,Acc3
train,-0.05931227430417982,0.12038832227070523,0.002145312805129023,-0.06545079561143781,-0.025865895319063036,0.02809533015884639
