Condition,Fz,Cz,Pz,Acc1,Acc2,Acc3
test,1.1528364755008889,0.9253260031089857,0.8879250033573527,-0.9750675019702714,-0.9546452062949373,-1.0363747737020188
