Condition,Fz,Cz,Pz,Acc1,Acc2,Acc3
train,-0.007627997881697009,0.10053629177119956,-0.06481091633590477,0.08492564603422831,-0.08338170369324083,-0.029641319894585346
