Condition,Fz,Cz,Pz,Acc1,Acc2,Acc3
train,-0.12309754541394587,-0.11023811149495069,-0.18452200154979673,0.1035420855777464,0.2022518852810656,0.11206368759988126
