Condition,Fz,Cz,Pz,Acc1,Acc2,Acc3
test,-0.07009603733927233,-0.02278014077742956,0.013393233368248391,0.3203307382929857,0.10139818786617356,-0.3422459814107056
