Condition,Fz,Cz,Pz,Acc1,Acc2,Acc3
test,0.2435478400569297,0.17935292496638156,0.033145171834445986,-0.1620601188513518,-0.15011253252617798,-0.14387328548022754
