Condition,Fz,Cz,Pz,Acc1,Acc2,Acc3
train,0.0631537855280064,0.022734871211447183,-0.08033853190527533,-0.03701293592668699,0.02967193450018939,0.0017908765923192946
