Channel,psd_Delta,psd_Theta,psd_Alpha,psd_Beta,psd_Gamma
Fz,3774.978181577092,257.07324094730046,77.27960313801444,32.57064917504088,17.009712759600625
Cz,3716.95683785386,279.3896276079598,85.030517787867,34.22979203131688,18.19009987016104
Pz,3794.7896944293484,270.5201117085806,81.32392315656348,32.480964752763605,16.41353101156655
Acc1,3697.900320726033,272.0910241211114,77.6987082179387,31.67712202411187,16.1801435399564
Acc2,3845.236231267086,272.57940624977346,80.55722786932637,33.75750124391047,17.34349014475572
Acc3,3626.856566650864,252.16510386702657,76.41538395499148,31.346749812882987,16.124707519396686
