Channel,psd_Delta,psd_Theta,psd_Alpha,psd_Beta,psd_Gamma
Fz,4376.684699900858,332.13859874722596,96.57672496428299,40.86214710209221,20.12198060126592
Cz,4371.087431541597,318.12368781676633,95.75757374309273,43.26130119834724,20.784450695374673
Pz,4437.3755734754795,311.46454993343735,94.27318234668374,37.03126188957234,18.717141907951866
Acc1,4562.0973785742835,317.6059246103926,97.9707853461974,37.57657935511126,18.561174733932795
Acc2,4544.847152854218,313.6241527804723,95.0043869574366,37.93434423518847,18.78459495498383
Acc3,4516.9143437600005,318.85525754707743,92.78958207762098,36.870164124967744,18.452938199494483
