Channel,psd_Delta,psd_Theta,psd_Alpha,psd_Beta,psd_Gamma
Fz,5116.568788522103,426.79560151494155,67.60790828973572,28.059228786153216,21.193364486263455
Cz,3354.080504460352,204.59788289956296,58.19425575340133,25.762494989982667,15.286533242571707
Pz,4124.851171186762,287.0001377534266,79.38704074305824,31.889950582201738,15.820866272514067
Acc1,4180.018323490653,332.7945138500468,83.35874731404083,36.41726848398179,17.30722909250241
Acc2,7833.037454982589,340.35703110598564,140.64732595190566,67.8675737880715,31.121007922541537
Acc3,6267.942291071043,390.1482129260035,117.93745451105653,47.44155636517106,24.240212430089777
