Participant ID,Pz Alpha,Fz Theta,Pz Alpha / Fz Theta,Beta / (Alpha + Theta)
P15,79.38704074305824,426.79560151494155,0.18600716704030748,0.0762842509712344
