Participant ID,Pz Alpha,Fz Theta,Pz Alpha / Fz Theta,Beta / (Alpha + Theta)
P15,79.47928648280701,248.02198683894176,0.3204525836429919,0.09926368482482252
