Participant ID,Pz Alpha,Fz Theta,Pz Alpha / Fz Theta,Beta / (Alpha + Theta)
P15,81.32392315656348,257.07324094730046,0.3163453452288126,0.09449818883421977
