Participant ID,Pz Alpha,Fz Theta,Pz Alpha / Fz Theta,Beta / (Alpha + Theta)
P15,94.27318234668374,332.13859874722596,0.2838368762386161,0.09705309586269115
