Condition,Fz,Cz,Pz,Acc1,Acc2,Acc3
test,0.47971769318618157,-0.12770415115147848,-0.14472359455160566,-0.14225919329762146,0.27872517688115855,-0.3437559310666345
