Condition,Fz,Cz,Pz,Acc1,Acc2,Acc3
train,0.03066977590279506,-0.025060241991495695,0.028686916850120522,0.12784256028033666,-0.1103156696722502,-0.05182334136950643
