Condition,Fz,Cz,Pz,Acc1,Acc2,Acc3
test,0.4600730533855483,0.05769101303305696,0.3400414410239736,0.1637936821488507,-0.25783010482569224,-0.7637690847657372
