Condition,Fz,Cz,Pz,Acc1,Acc2,Acc3
train,-0.2637298749277372,-0.08792208573244673,0.28197142868671027,-0.35338357720123714,0.2591697203115869,0.16389438886312374
