Condition,Fz,Cz,Pz,Acc1,Acc2,Acc3
test,-0.04283903560397335,0.2554933975558624,-0.3702998660241635,0.6492695888878631,0.05054503255645606,-0.5421691173720448
