Condition,Fz,Cz,Pz,Acc1,Acc2,Acc3
train,-0.41471170533596463,-0.3537579599997837,0.09143136713415637,0.045372957111234596,0.15772972568495222,0.473935615405405
