Condition,Fz,Cz,Pz,Acc1,Acc2,Acc3
train,-0.45021490049851837,0.1059416207160135,0.49717333843978245,0.18946937172439648,-0.1399000886182586,-0.20246934176341547
