Condition,Fz,Cz,Pz,Acc1,Acc2,Acc3
test,0.1691361605310228,-0.12185331307102445,-0.38586296594604425,0.20676508884724434,0.06583990138045415,0.06597512825834698
