Condition,Fz,Cz,Pz,Acc1,Acc2,Acc3
train,0.07502937756204131,0.06433321242362085,-0.3075638437675997,-0.21820044323622545,0.13911991299363075,0.24728178402453216
