Condition,Fz,Cz,Pz,Acc1,Acc2,Acc3
test,0.267957384799683,0.3775763742404278,0.16766346443855396,-0.2739799365800998,-0.2542157023578305,-0.2850015845407345
