Condition,Fz,Cz,Pz,Acc1,Acc2,Acc3
train,0.10282722631746284,0.054437324229340445,-0.13843872268637628,0.07105520279523167,-0.09309465994816848,0.0032136292925097672
