Condition,Fz,Cz,Pz,Acc1,Acc2,Acc3
test,0.20865963634915047,-0.10936171712434241,-0.11931317919935708,0.0680004871860612,0.10135153574185013,-0.1493367629533623
