Condition,Fz,Cz,Pz,Acc1,Acc2,Acc3
test,-0.01168609067108875,0.10404539220299651,0.129020883261238,-0.21646703560384017,0.20741268404866278,-0.21232583323796825
