Condition,Fz,Cz,Pz,Acc1,Acc2,Acc3
train,0.10574709201362074,0.04809538547498464,-0.08212992131171948,0.19459010544506614,-0.16932645705289093,-0.09697620456906109
