Condition,Fz,Cz,Pz,Acc1,Acc2,Acc3
train,0.05481775902607662,0.05548951578135426,0.005992253904156442,-0.001781451557041243,0.046670291022442675,-0.1611883681769888
