Condition,Fz,Cz,Pz,Acc1,Acc2,Acc3
test,-0.05518571309365382,0.4431251183403009,0.17200670491733108,0.11495220687553126,-0.23990069301945252,-0.43499762402005726
